{
  "project_info": {
    "project_number": "1039185044961",
    "firebase_url": "https://bitcoin-pools.firebaseio.com",
    "project_id": "bitcoin-pools",
    "storage_bucket": "bitcoin-pools.appspot.com"
  },
  "client": [
    {
      "client_info": {
        "mobilesdk_app_id": "1:1039185044961:android:941bcc4acaefef4f",
        "android_client_info": {
          "package_name": "javinator9889.bitcoinpools"
        }
      },
      "oauth_client": [
        {
          "client_id": "1039185044961-ucnuqhg0pao38n4d96os0p0t81rr1ddg.apps.googleusercontent.com",
          "client_type": 1,
          "android_info": {
            "package_name": "javinator9889.bitcoinpools",
            "certificate_hash": "517d2d3b755db04d009f3ff12e2b58545e1dccc6"
          }
        },
        {
          "client_id": "1039185044961-t0me9tgdijg0f941jnd9j85pdsav9pen.apps.googleusercontent.com",
          "client_type": 1,
          "android_info": {
            "package_name": "javinator9889.bitcoinpools",
            "certificate_hash": "869e10ed78d292648564f68b578ce9bbb7b9fc7b"
          }
        },
        {
          "client_id": "1039185044961-cbnh3eop2r1r6gl1fhrv5euu3hs4r5dp.apps.googleusercontent.com",
          "client_type": 1,
          "android_info": {
            "package_name": "javinator9889.bitcoinpools",
            "certificate_hash": "283e990e4dd6749a5746638b162a93577861c479"
          }
        },
        {
          "client_id": "1039185044961-eulae84cd8jm14uedulhskh3qgchr844.apps.googleusercontent.com",
          "client_type": 3
        }
      ],
      "api_key": [
        {
          "current_key": "AIzaSyAaSG8ysIwyruMLuPkrqi_lTeegRSCv-tg"
        }
      ],
      "services": {
        "analytics_service": {
          "status": 1
        },
        "appinvite_service": {
          "status": 2,
          "other_platform_oauth_client": [
            {
              "client_id": "1039185044961-eulae84cd8jm14uedulhskh3qgchr844.apps.googleusercontent.com",
              "client_type": 3
            }
          ]
        },
        "ads_service": {
          "status": 2
        }
      }
    }
  ],
  "configuration_version": "1"
}